# BECAME: UN LMS ERGONOMIQUE OPEN-SOURCE ET ACCESSIBLE POUR TOUS




## CONVERSATION AVEC COMPOSER (DE CURSOR) SUR WINDOBE: composer m'a généré aussi la structure des tables, et des samples/fixtures pour ces tables sql

Je comprends, merci pour ces précisions. Basé sur le code que vous avez partagé, voici un aperçu du fonctionnement de cette application LMS Node.js :
Structure générale :
C'est une application web Node.js, probablement utilisant Express.js comme framework.
Elle utilise une base de données MySQL pour stocker les données.
L'application gère différentes ressources éducatives : niveaux, filières, matières, sujets, cours, etc.
Fonctionnalités principales :
Gestion des utilisateurs (étudiants, professeurs)
Gestion des cours et des ressources pédagogiques
Support multilingue
Système de navigation hiérarchique (niveaux > filières > matières > sujets > cours)
Points clés du code :
Utilisation de requêtes SQL pour interagir avec la base de données
Gestion des fichiers (upload de fichiers pour les cours)
Rendu de pages avec des données dynamiques (probablement via un moteur de template)
API RESTful pour diverses opérations CRUD
Particularités :
Utilisation de transactions SQL pour certaines opérations complexes
Gestion des sessions utilisateurs
Support de différents types de ressources (cours, fichiers, etc.)
Ce code semble être une partie du contrôleur qui gère les différentes routes et opérations de l'application. Il y a des fonctions pour récupérer et manipuler les données des différentes entités du système LMS



## CONVERSATION AVEC COMPOSER (DE CURSOR) SUR LINUX (1): 
## POSER DES QUESTIONS SUR, LE CODE, OU LES INTERACTIONS AVEC DE L' HYPERTEXTES DU RENDU FRONTEND
## POUR MIEUX COMPRENDRE LE CODE, POSER DES QUESTION TOUJOURS PLUS PERTINENTES À L'IA
## AFIN DE LUI PERMETTRE DE COMPLÉTER LES DONNÉES SQL GRÂCE À ELLE AUSSI SA COMPRÉHENSION ÉLARGI DU PROJET AU FIL DES QUESTION PERTINENTES


### (SECTION TO RE-TITLELIZE)
je souhaite installer les données sql, avec les fichier beacame_createDB.sql et beacame_features.sql

Je vais vous aider à installer les données SQL avec ces deux fichiers.
Voici les étapes à suivre :
Première étape - Création de la base de données
Deuxième étape - Import des fichiers SQL
Vous avez deux options pour importer les fichiers :
Option 1 - Via la ligne de commande :
Bash
Option 2 - Via MySQL/MariaDB directement :
⚠️ Points importants à noter :
Remplacez votre_utilisateur par votre nom d'utilisateur MySQL
Assurez-vous d'avoir les droits suffisants pour créer et modifier la base de données
Les fichiers SQL doivent être accessibles depuis l'emplacement où vous exécutez les commandes
Il est recommandé d'importer d'abord beacame_createDB.sql (structure) puis beacame_features.sql (données)
Pour vérifier que tout s'est bien importé :
Avez-vous besoin d'aide supplémentaire ou rencontrez-vous des erreurs spécifiques ?
c'est quoi la commande pour connaitre son user_name

Pour connaître votre nom d'utilisateur MySQL, vous avez plusieurs options :
Dans MySQL/MariaDB :
Dans le terminal Linux/Unix :
Bash
Pour voir tous les utilisateurs MySQL :
Pour voir les privilèges de votre utilisateur :
Si vous êtes connecté à MySQL en tant que root, votre résultat sera probablement 'root'@'localhost'.
Pour vous connecter à MySQL et vérifier ces informations, utilisez :
Bash
Puis entrez votre mot de passe quand il vous sera demandé.
mysql> mysql -u root -p became < beacame_createDB.sql
    -> ;
ERROR 1064 (42000): You have an error in your SQL syntax; check the manual that corresponds to your MySQL server version for the right syntax to use near 'mysql -u root -p became < beacame_createDB.sql' at line 1


Ah, je vois l'erreur ! Cette commande ne doit pas être exécutée dans MySQL (après le prompt mysql>), mais directement dans le terminal de votre système.
Voici la procédure correcte :
D'abord, quittez MySQL en tapant :
2. Ensuite, dans votre terminal (pas dans MySQL), exécutez :
Bash
Si vous êtes dans le même répertoire que votre fichier SQL. Sinon, spécifiez le chemin complet :
Bash
Si la base de données n'existe pas encore, créez-la d'abord :
Bash
L'erreur que vous avez reçue est survenue car vous essayiez d'exécuter une commande shell à l'intérieur de MySQL, ce qui n'est pas possible.
/home/samurai/Bureau/LEGION.io/_/___PROJECTS/became/node_modules/mysql/lib/protocol/Parser.js:437
      throw err; // Rethrow non-MySQL errors
      ^

Error: ER_MIX_OF_GROUP_FUNC_AND_FIELDS: In aggregated query without GROUP BY, expression #1 of SELECT list contains nonaggregated column 'became.c.id_classes'; this is incompatible with sql_mode=only_full_group_by
    at Sequence._packetToError (/home/samurai/Bureau/LEGION.io/_/___PROJECTS/became/node_modules/mysql/lib/protocol/sequences/Sequence.js:47:14)
    at Query.ErrorPacket (/home/samurai/Bureau/LEGION.io/_/___PROJECTS/became/node_modules/mysql/lib/protocol/sequences/Query.js:79:18)
    at Protocol._parsePacket (/home/samurai/Bureau/LEGION.io/_/___PROJECTS/became/node_modules/mysql/lib/protocol/Protocol.js:291:23)
    at Parser._parsePacket (/home/samurai/Bureau/LEGION.io/_/___PROJECTS/became/node_modules/mysql/lib/protocol/Parser.js:433:10)
    at Parser.write (/home/samurai/Bureau/LEGION.io/_/___PROJECTS/became/node_modules/mysql/lib/protocol/Parser.js:43:10)
    at Protocol.write (/home/samurai/Bureau/LEGION.io/_/___PROJECTS/became/node_modules/mysql/lib/protocol/Protocol.js:38:16)
    at Socket.<anonymous> (/home/samurai/Bureau/LEGION.io/_/___PROJECTS/became/node_modules/mysql/lib/Connection.js:88:28)
    at Socket.<anonymous> (/home/samurai/Bureau/LEGION.io/_/___PROJECTS/became/node_modules/mysql/lib/Connection.js:526:10)
    at Socket.emit (node:events:519:28)
    at addChunk (node:internal/streams/readable:559:12)
    --------------------
    at Protocol._enqueue (/home/samurai/Bureau/LEGION.io/_/___PROJECTS/became/node_modules/mysql/lib/protocol/Protocol.js:144:48)
    at Connection.query (/home/samurai/Bureau/LEGION.io/_/___PROJECTS/became/node_modules/mysql/lib/Connection.js:198:25)
    at executeSql_ (/home/samurai/Bureau/LEGION.io/_/___PROJECTS/became/core/db.js:39:13)
    at executeTransaction_ (/home/samurai/Bureau/LEGION.io/_/___PROJECTS/became/core/db.js:76:2)
    at /home/samurai/Bureau/LEGION.io/_/___PROJECTS/became/core/db.js:82:20
    at Query.<anonymous> (/home/samurai/Bureau/LEGION.io/_/___PROJECTS/became/core/db.js:46:5)
    at Query.<anonymous> (/home/samurai/Bureau/LEGION.io/_/___PROJECTS/became/node_modules/mysql/lib/Connection.js:526:10)
    at Query._callback (/home/samurai/Bureau/LEGION.io/_/___PROJECTS/became/node_modules/mysql/lib/Connection.js:488:16)
    at Sequence.end (/home/samurai/Bureau/LEGION.io/_/___PROJECTS/became/node_modules/mysql/lib/protocol/sequences/Sequence.js:83:24)
    at Query._handleFinalResultPacket (/home/samurai/Bureau/LEGION.io/_/___PROJECTS/became/node_modules/mysql/lib/protocol/sequences/Query.js:149:8) {
  code: 'ER_MIX_OF_GROUP_FUNC_AND_FIELDS',
  errno: 1140,
  sqlMessage: "In aggregated query without GROUP BY, expression #1 of SELECT list contains nonaggregated column 'became.c.id_classes'; this is incompatible with sql_mode=only_full_group_by",
  sqlState: '42000',
  index: 0,
  sql: `select id_classes,langue,pays,c.href,c.name,c.title,c.short_descr,c.meta,group_concat(concat(u.nom,"-_-",u.prenom,"-_-",u.pseudo) separator'||') as eleves,v.fr as type,c.date,start,end,group_concat(concat(p.href,"-_-",p.name,"-_-",p.title,"-_-",id_profs) separator '||') as profs from classes c inner join _varchar v on type_id=id inner join profs p on id_profs in (prof_ids) left join users u on u.id_user in (c.eleve_ids) where filieres_id=1 and v.username="cl_type"`
}


Cette erreur est liée au mode SQL ONLY_FULL_GROUP_BY de MySQL. Il y a deux façons de résoudre ce problème :
Solution 1 - Modifier la requête pour inclure un GROUP BY avec toutes les colonnes non-agrégées :
db.js
Solution 2 - Désactiver ONLY_FULL_GROUP_BY temporairement ou définitivement :
Temporairement :
Définitivement (dans my.cnf ou via commande) :
Je recommande la première solution (modifier la requête) car c'est plus propre et plus sûr. La deuxième solution peut masquer des problèmes potentiels dans vos requêtes.
Si vous choisissez la solution 1, assurez-vous que toutes les colonnes non-agrégées (celles qui ne sont pas dans une fonction comme GROUP_CONCAT) sont listées dans la clause GROUP BY.
samurai@samurai-ThinkPad-T450:~/Bureau/LEGION.io/_/___PROJECTS/became$ SET SESSION sql_mode=(SELECT REPLACE(@@sql_mode,'ONLY_FULL_GROUP_BY',''));
bash: erreur de syntaxe près du symbole inattendu « ( »

Ah, vous essayez d'exécuter une commande SQL directement dans le terminal ! Cette commande doit être exécutée dans MySQL.
Voici la procédure correcte :
Connectez-vous d'abord à MySQL :
Bash
Une fois connecté à MySQL, exécutez :
Ou encore plus simple :
Pour vérifier que le changement a été effectué :
Quittez MySQL :
Ensuite, vous pourrez relancer votre application Node.js et la requête devrait fonctionner.
Si vous voulez rendre ce changement permanent, vous pouvez modifier le fichier de configuration MySQL (my.cnf ou my.ini) :
Bash
Et ajouter ces lignes :
Puis redémarrer MySQL :
Bash
si les changements ont eu lieux, je dois voir quand je  lance SELECT @@sql_mode; ?

Quand vous exécutez SELECT @@sql_mode;, vous devriez voir une chaîne de caractères contenant tous les modes SQL actifs. Si le changement a fonctionné, vous ne devriez PAS voir ONLY_FULL_GROUP_BY dans la liste.
Voici un exemple de ce que vous devriez voir :
Si vous voyez toujours ONLY_FULL_GROUP_BY dans la liste, cela signifie que le changement n'a pas été effectué correctement. Dans ce cas, réessayez avec :
N'oubliez pas que vous devez avoir les privilèges d'administrateur (root ou privilèges équivalents) pour modifier le sql_mode global.
quand je clic sur un des élément du menu "scolaire" (6ème, ou 2de par exemple), comprends-tu ce qui doit se passer ?

D'après le contexte et le nom du projet "became", je suppose que lorsqu'on clique sur un élément du menu scolaire (6ème, 2de), le système devrait :
Récupérer les classes correspondant au niveau sélectionné (filieres_id=1 pour scolaire)
Afficher les informations de ces classes comme :
Les professeurs associés
La langue d'enseignement
Le pays
Les élèves inscrits
Le type de classe
Les dates/horaires
Les descriptions
C'est ce que semble indiquer la requête SQL que nous avons vue précédemment :
Est-ce que vous rencontrez un problème spécifique avec cette fonctionnalité ? Si oui, pouvez-vous me décrire ce qui se passe (ou ne se passe pas) quand vous cliquez sur un de ces éléments ?
ligne 4, il y a une variable "init", d'où provient-elle?

Dans un fichier Jade/Pug, la variable init est généralement passée depuis le serveur (probablement Express.js) lors du rendu de la vue.
Il faut chercher dans votre code serveur où la vue menu.jade est rendue. Cela ressemblerait à quelque chose comme :
app.js
Pour trouver la source exacte, cherchez dans vos fichiers :
Le fichier principal de votre application (app.js ou server.js)
2. Les fichiers dans le dossier routes/
Cherchez les occurrences de render('menu' ou render("menu"
La structure de init semble contenir :
init.menus : un tableau d'éléments de menu
init.start.menus.div : des informations pour le menu secondaire
Chaque menu a des propriétés comme lien, id_menus, sousmenu, etc.
Voulez-vous que je vous aide à localiser ce fichier dans votre projet ?
oui

Pour trouver où la variable init est définie, nous pouvons chercher dans les fichiers principaux du projet.
Pouvez-vous me montrer la structure de vos dossiers ? Utilisez la commande :
Bash
Ou cherchons directement les fichiers qui pourraient contenir cette définition :
Bash
Les endroits typiques à vérifier seraient :
app.js ou server.js
routes/index.js
controllers/ (s'il existe)
La variable init pourrait aussi être construite à partir d'une requête à la base de données, donc il faudrait aussi chercher les fichiers qui contiennent des requêtes liées aux menus.
Pouvez-vous me montrer le contenu de ces fichiers principaux pour que je puisse localiser la source de init ?
alors ?

Pour exécuter la commande ls -R, vous devez :
Ouvrir votre terminal
Naviguer vers le dossier racine de votre projet :
Bash
Exécuter la commande :
Bash
Cette commande va lister récursivement tous les fichiers et dossiers de votre projet, ce qui nous aidera à localiser les fichiers pertinents.
Pouvez-vous exécuter cette commande et me montrer le résultat ? Cela nous permettra de voir la structure complète de votre projet et de trouver plus facilement où la variable init est définie.
ligne 29, il inclut là menu.jade. Est-ce que menu.jade hérite par le fichier index.jade sa variable "init" ?

Oui, exactement ! Quand menu.jade est inclus dans index.jade avec la directive include ./menu.jade, il hérite de toutes les variables disponibles dans le contexte de index.jade, y compris la variable init.
On peut voir que dans index.jade :
La variable init est utilisée à plusieurs endroits
Il y a même une transformation de certaines valeurs de init :
Donc, la source originale de init doit se trouver dans le fichier qui fait le rendu de index.jade, probablement quelque chose comme :
Voulez-vous que nous cherchions le fichier qui fait ce rendu pour voir exactement comment init est construit ?
ok, j'ai trouvé la source ligne 36, mais j'ai du mal à comprendre d'où vient me la variable menus, et ce qu'elle contient

Dans le code, à la ligne 36, on voit que menus est utilisé dans l'objet qui est passé au rendu :
La variable menus semble être définie dans le fichier qui est chargé à la ligne 33 :
Ce code :
Lit un fichier JavaScript basé sur la langue de l'utilisateur (req.session.req_.lang)
Le fichier se trouve dans public/files/[langue].js
3. Utilise eval() pour exécuter le contenu du fichier, ce qui définit probablement les variables :
menus
accueil
start
c_type
courses_tags
Pour voir exactement ce que contient menus, il faudrait regarder le contenu du fichier dans public/files/fr.js (ou autre langue).
Voulez-vous que nous regardions ce fichier ?
quand je lance dans mysql 
select distinct t.fr as article,t.id from matieres m inner join _text t on t.id=concat("filieres_",m.fk) where fk=4 and t.username="article"

je n'ai aucun résultat.
Quel données je devrais avoir dans mes tables sql pour que la requete retroune qlqchose ?

Pour que cette requête retourne des résultats, vous devez avoir des données dans deux tables :
Table matieres :
Table _text :
Pour vérifier les données existantes :
La requête cherche spécifiquement :
Des matières avec fk=4
Des textes avec username='article'
Dont l'ID est construit comme 'filieres_' + fk
mysql> INSERT INTO matieres (id_matieres, fk) VALUES  (4, 4);
ERROR 1452 (23000): Cannot add or update a child row: a foreign key constraint fails (`became`.`matieres`, CONSTRAINT `matieres_ibfk_2` FOREIGN KEY (`fk`) REFERENCES `filieres` (`id_filieres`))


Ah, cette erreur indique qu'il y a une contrainte de clé étrangère ! Avant d'insérer dans matieres, vous devez d'abord avoir une entrée correspondante dans la table filieres.
Voici l'ordre correct des insertions :
D'abord, vérifier si l'entrée existe dans filieres :
Si elle n'existe pas, insérer dans filieres :
Ensuite, vous pourrez insérer dans matieres :
Puis insérer le texte correspondant :
Pour comprendre la structure :
La hiérarchie semble être : niveaux -> filieres -> matieres. Chaque niveau doit exister avant de pouvoir créer le niveau suivant.
à quoi correspond filieres_4 selon toi ?

Ah, je comprends mieux maintenant ! Dans la requête :
filieres_4 correspond à l'article/description de la filière parente (fk=4) et non pas de la matière elle-même.
Par exemple :
Si fk=4 correspond à la filière "Scientifique"
Alors filieres_4 dans _text contiendrait la description de la filière "Scientifique"
Cette description sera affichée quand on consulte les matières de cette filière
Pour que la requête fonctionne, il faut donc :
Avoir une filière :
Avoir une description de cette filière dans text :
Avoir des matières liées à cette filière :
Voulez-vous que nous vérifions si ces données existent dans votre base ?
maintenant que tu comprend mieux l'application, si tu devais réécrire le fichier became_features.sql, cela serait-il utile ?

Oui, absolument ! Maintenant que je comprends mieux la structure hiérarchique (niveaux -> filières -> matières -> sujets) et le système de descriptions avec la table _text, je pourrais proposer un fichier became_features.sql plus complet et cohérent.
Je pourrais créer un jeu de données qui inclurait :
Structure de base :
2. Descriptions et métadonnées :
Données complémentaires :
Voulez-vous que je crée ce fichier avec un jeu de données cohérent ?
oui

Je vais créer un fichier became_features.sql avec une structure logique. Je vais commencer par le niveau scolaire (collège/lycée) avec quelques matières et sujets.
Ce script :
Crée la structure hiérarchique complète
Ajoute les descriptions dans _text
Ajoute les métadonnées d'affichage dans _text_
Inclut les types de cours et tags
Voulez-vous que j'ajoute d'autres données ou que je développe certaines parties en particulier ?
c'est normal si tu n'as pas généré des données pour les tables restantes commeclasses profs ou encore ressources

Oui, vous avez raison ! Pour avoir un jeu de données complet, il faut aussi peupler les tables classes, profs, ressources, et users (car les profs sont liés aux users). Je vais compléter le script :
Ce complément :
Ajoute des professeurs (liés à des users)
Crée des classes avec leurs horaires
Ajoute des ressources pédagogiques
Crée des cours utilisant ces ressources
Ajoute des élèves (users)
Les données sont cohérentes avec les premières insertions (les IDs correspondent aux matières, filières, etc.).
Voulez-vous que j'ajoute d'autres types de données ou que je développe certains aspects en particulier ?
apparament l'erreur "ER_MIX_OF_GROUP_FUNC_AND_FIELDS:" provient de cette requete:
select id_classes,langue,pays,c.href,c.name,c.title,c.short_descr,c.meta,group_concat(concat(u.nom,"-_-",u.prenom,"-_-",u.pseudo) separator'||') as eleves,v.fr as type,c.date,start,end,group_concat(concat(p.href,"-_-",p.name,"-_-",p.title,"-_-",id_profs) separator '||') as profs from classes c inner join _varchar v on type_id=id inner join profs p on id_profs in (prof_ids) left join users u on u.id_user in (c.eleve_ids) where filieres_id=1 and v.username="cl_type"

Oui, l'erreur survient car la requête utilise des fonctions d'agrégation (GROUP_CONCAT) avec des colonnes non agrégées. Pour corriger cela, il faut ajouter une clause GROUP BY avec toutes les colonnes non agrégées.
Voici la requête corrigée :
Cette version :
Groupe les résultats par toutes les colonnes non agrégées
Conserve les GROUP_CONCAT pour les listes d'élèves et de profs
Maintient la même logique de jointure et de filtrage
La requête devrait maintenant fonctionner sans l'erreur ER_MIX_OF_GROUP_FUNC_AND_FIELDS.
Super la requete passe maintenant!
Le problème maintenant c'est que la requete ne retourne rien:
select id_classes,langue,pays,c.href,c.name,c.title,c.short_descr,c.meta,group_concat(concat(u.nom,"-_-",u.prenom,"-_-",u.pseudo) separator'||') as eleves,v.fr as type,c.date,start,end,group_concat(concat(p.href,"-_-",p.name,"-_-",p.title,"-_-",id_profs) separator '||') as profs from classes c inner join _varchar v on type_id=id inner join profs p on id_profs in (prof_ids) left join users u on u.id_user in (c.eleve_ids) where filieres_id=1 and v.username="cl_type" GROUP BY c.id_classes,c.langue,c.pays,c.href,c.name,c.title,c.short_descr,c.meta,v.fr,c.date,c.start,c.end;

Vérifions les données nécessaires pour que cette requête retourne des résultats. Il faut vérifier chaque table impliquée :
Vérifier les classes pour filiere_id=1 :
Vérifier les types de classe dans varchar :
Vérifier la correspondance des professeurs :
Vérifier les élèves :
Vérifier le format des champs prof_ids et eleve_ids :
Le problème peut venir de :
Absence de classes pour filiere_id=1
Absence de type correspondant dans varchar
Format incorrect des champs prof_ids ou eleve_ids
Absence des professeurs ou élèves référencés
Pouvez-vous exécuter ces requêtes pour qu'on identifie où est le problème ?



### FEEDBACKS À CUSOR SUR RÉPONSES SQL QU'IL ME SOUMET

peux-tu les exécuter toi-meme ?

Oui, je vais exécuter ces requêtes une par une :
Classes pour filiere_id=1 :
Si cette requête ne retourne rien, c'est que nous n'avons pas de classes pour la filière 1 (qui devrait être la 6ème d'après nos données précédentes).
Types dans varchar :
Cette table devrait contenir les types de cours (cours, exercices, etc.).
Professeurs :
Pour voir si nous avons des professeurs dans la base.
Élèves :
Pour voir si nous avons des utilisateurs qui pourraient être des élèves.
Pouvez-vous me donner accès à votre base de données MySQL pour que je puisse exécuter ces requêtes directement ? Ou alors, pouvez-vous les exécuter et me montrer les résultats ?
Sans voir les résultats, je ne peux pas identifier exactement où se trouve le problème. Mais je soupçonne que soit :
La table classes est vide
Ou les données ne correspondent pas (mauvais IDs entre les tables)
mysql> SELECT * FROM classes WHERE filieres_id = 1;
+------------+--------+--------+------------------------+---------------+---------------------------------+------------------------------------+-------------------------+---------+---------------------+---------------------+---------------------+-----------+----------+-------------+---------------------+---------------------+
| id_classes | langue | pays   | href                   | name          | title                           | short_descr                        | meta                    | type_id | date                | start               | end                 | eleve_ids | prof_ids | filieres_id | created_at          | updated_at          |
+------------+--------+--------+------------------------+---------------+---------------------------------+------------------------------------+-------------------------+---------+---------------------+---------------------+---------------------+-----------+----------+-------------+---------------------+---------------------+
|          1 | fr     | France | /classes/info-debutant | info-debutant | Classe d'informatique débutant  | Pour les nouveaux en programmation | {"niveau": "débutant"}  |       1 | 2024-10-31 01:19:55 | 2024-10-31 01:19:55 | 2025-01-31 01:19:55 | 1,4       | 2        |           1 | 2024-10-31 01:19:55 | 2024-10-31 01:19:55 |
+------------+--------+--------+------------------------+---------------+---------------------------------+------------------------------------+-------------------------+---------+---------------------+---------------------+---------------------+-----------+----------+-------------+---------------------+---------------------+
1 row in set (0,01 sec)


mysql> SELECT * FROM _varchar WHERE username = 'cl_type';
Empty set (0,00 sec)


mysql> SELECT * FROM profs;
+----------+---------+----------------------+---------------+------------------------------+-------------+---------------------+---------------------+
| id_profs | id_user | href                 | name          | title                        | id_matieres | created_at          | updated_at          |
+----------+---------+----------------------+---------------+------------------------------+-------------+---------------------+---------------------+
|        1 |       2 | /profs/sophie-martin | Sophie Martin | Dr en Informatique           |           1 | 2024-10-31 01:19:55 | 2024-10-31 01:19:55 |
|        2 |       5 | /profs/luc-bernard   | Luc Bernard   | Professeur de Mathématiques  |           2 | 2024-10-31 01:19:55 | 2024-10-31 01:19:55 |
+----------+---------+----------------------+---------------+------------------------------+-------------+---------------------+---------------------+
2 rows in set (0,00 sec)




Ah ! Je vois le problème. La requête ne retourne rien car la table _varchar est vide (username = 'cl_type').
Il faut d'abord insérer les types de classe dans _varchar. Voici l'insertion nécessaire :
Une fois ces données insérées, la requête devrait fonctionner car :
Nous avons bien une classe avec filieres_id = 1
Cette classe a type_id = 1
Elle a des prof_ids (2) et eleve_ids (1,4)
Les professeurs existent dans la table profs
Voulez-vous que j'exécute cette insertion pour voir si la requête principale fonctionne ensuite ?
mysql> select id_classes,langue,pays,c.href,c.name,c.title,c.short_descr,c.meta,group_concat(concat(u.nom,"-_-",u.prenom,"-_-",u.pseudo) separator'||') as eleves,v.fr as type,c.date,start,end,group_concat(concat(p.href,"-_-",p.name,"-_-",p.title,"-_-",id_profs) separator '||') as profs from classes c inner join _varchar v on type_id=id inner join profs p on id_profs in (prof_ids) left join users u on u.id_user in (c.eleve_ids) where filieres_id=1 and v.username="cl_type" GROUP BY c.id_classes,c.langue,c.pays,c.href,c.name,c.title,c.short_descr,c.meta,v.fr,c.date,c.start,c.end;
Empty set, 1 warning (0,00 sec)


Vérifions la condition de jointure avec _varchar. Dans votre classe, type_id = 1, donc vérifions si cela correspond dans _varchar :
Aussi, vérifions la condition id_profs IN (prof_ids). Dans votre classe, prof_ids = '2', donc :
Le problème pourrait venir de :
La jointure avec _varchar qui ne fonctionne pas
Le format de prof_ids (peut-être un problème de type de données)
Les élèves qui n'existent pas dans la table users
Pouvez-vous exécuter ces requêtes pour qu'on identifie le problème exact ?
mysql> SELECT * FROM _varchar WHERE username = 'cl_type';
+----+----------+-------------+------+------+---------------------+---------------------+
| id | username | fr          | en   | es   | created_at          | updated_at          |
+----+----------+-------------+------+------+---------------------+---------------------+
|  4 | cl_type  | Cours       | NULL | NULL | 2024-10-31 02:35:17 | 2024-10-31 02:35:17 |
|  5 | cl_type  | Exercices   | NULL | NULL | 2024-10-31 02:35:17 | 2024-10-31 02:35:17 |
|  6 | cl_type  | Évaluation  | NULL | NULL | 2024-10-31 02:35:17 | 2024-10-31 02:35:17 |
+----+----------+-------------+------+------+---------------------+---------------------+
3 rows in set (0,00 sec)


mysql> SELECT c.id_classes, v.id, v.fr 
    -> FROM classes c 
    -> LEFT JOIN _varchar v ON c.type_id = v.id AND v.username = 'cl_type'
    -> WHERE c.filieres_id = 1;
+------------+------+------+
| id_classes | id   | fr   |
+------------+------+------+
|          1 | NULL | NULL |
+------------+------+------+
1 row in set (0,01 sec)


mysql> SELECT * FROM profs WHERE id_profs = 2;
+----------+---------+--------------------+-------------+------------------------------+-------------+---------------------+---------------------+
| id_profs | id_user | href               | name        | title                        | id_matieres | created_at          | updated_at          |
+----------+---------+--------------------+-------------+------------------------------+-------------+---------------------+---------------------+
|        2 |       5 | /profs/luc-bernard | Luc Bernard | Professeur de Mathématiques  |           2 | 2024-10-31 01:19:55 | 2024-10-31 01:19:55 |
+----------+---------+--------------------+-------------+------------------------------+-------------+---------------------+---------------------+
1 row in set (0,00 sec)


mysql> SELECT * FROM users WHERE id_user IN (1,4);
+---------+--------+--------+---------+------------------------------------------------------------------+-------------------------+-----------+---------------------+---------------------+
| id_user | nom    | prenom | pseudo  | password                                                         | email                   | role      | created_at          | updated_at          |
+---------+--------+--------+---------+------------------------------------------------------------------+-------------------------+-----------+---------------------+---------------------+
|       1 | Dubois | Jean   | jdubois | 15cbf0d3fcb06da3bdf98d0370a38f00343d0747eecdf416d27556c0f3812fd6 | jean.dubois@email.com   | étudiant  | 2024-10-31 01:19:54 | 2024-10-31 01:19:54 |
|       4 | Moreau | Claire | cmoreau | c955f01321b0761f22aee14b339a477c430ccdc9513aa79943b6d49599b245e5 | claire.moreau@email.com | étudiant  | 2024-10-31 01:19:54 | 2024-10-31 01:19:54 |
+---------+--------+--------+---------+------------------------------------------------------------------+-------------------------+-----------+---------------------+---------------------+
2 rows in set (0,00 sec)




Ah ! Je vois le problème maintenant. Dans la table classes, type_id = 1, mais dans _varchar, les IDs commencent à 4 (4, 5, 6). C'est pour ça que la jointure ne fonctionne pas.
Il faut soit :
Mettre à jour la classe pour utiliser le bon type_id :
Ou modifier les IDs dans varchar :
Je recommande la première solution car elle ne modifie qu'une seule ligne. Une fois cette correction faite, la requête devrait fonctionner car :
Les professeurs existent (id_profs = 2)
Les élèves existent (id_user 1 et 4)
La jointure avec _varchar fonctionnera
Voulez-vous que j'exécute une de ces corrections ?
je veux supprimer _varchar pour le recréer avec les bonnes valeurs

D'accord, voici les commandes pour supprimer et recréer les données dans _varchar :
Après ces insertions, vérifions :
La requête principale devrait maintenant fonctionner car le type_id = 1 de la classe correspondra au nouvel ID dans _varchar.
Voulez-vous que j'exécute ces commandes ?
je veux supprimer la table  _varchar, puis  la recréer avec les bonnes valeurs

D'accord, voici les commandes pour supprimer et recréer la table _varchar :
Puis vérifions :
Voulez-vous que j'exécute ces commandes ? Ou y a-t-il d'autres types de données que vous souhaitez ajouter dans la table _varchar ?
cette requete ne retourne rien 
select distinct t.fr as article,t.id from matieres m inner join _text t on t.id=concat("filieres_",m.fk) where fk=1 and t.username="article"

Vérifions les données nécessaires pour que cette requête fonctionne :
Vérifier les matières avec fk=1 :
Vérifier la table text pour les articles de filières :
Insérer l'article manquant pour la filière 1 :
La requête ne retourne rien probablement parce que :
Soit il n'y a pas de matières avec fk=1
Soit il n'y a pas d'article correspondant dans text
Pouvez-vous exécuter les deux premières requêtes SELECT pour qu'on vérifie ce qui manque ?
mysql> SELECT * FROM matieres WHERE fk = 1;
+-------------+---------------+---------+------+---------------------+---------------------+
| id_matieres | alias         | user_id | fk   | created_at          | updated_at          |
+-------------+---------------+---------+------+---------------------+---------------------+
|           1 | Programmation |       2 |    1 | 2024-10-31 01:19:55 | 2024-10-31 01:19:55 |
+-------------+---------------+---------+------+---------------------+---------------------+
1 row in set (0,00 sec)


mysql> SELECT * FROM matieres WHERE fk = 1;
+-------------+---------------+---------+------+---------------------+---------------------+
| id_matieres | alias         | user_id | fk   | created_at          | updated_at          |
+-------------+---------------+---------+------+---------------------+---------------------+
|           1 | Programmation |       2 |    1 | 2024-10-31 01:19:55 | 2024-10-31 01:19:55 |
+-------------+---------------+---------+------+---------------------+---------------------+
1 row in set (0,00 sec)

mysql> SELECT * FROM _text WHERE username = 'article' AND id LIKE 'filieres_%';
+------------+----------+------------------------------+------+------+---------------------+---------------------+
| id         | username | fr                           | en   | es   | created_at          | updated_at          |
+------------+----------+------------------------------+------+------+---------------------+---------------------+
| filieres_4 | article  | Description de la filière 4  | NULL | NULL | 2024-10-31 01:57:28 | 2024-10-31 01:57:28 |
+------------+----------+------------------------------+------+------+---------------------+---------------------+
1 row in set (0,19 sec)






Ah ! Je vois le problème. Il y a bien une matière avec fk = 1, mais il n'y a pas d'entrée dans _text pour 'filieres_1' (seulement pour 'filieres_4').
Ajoutons l'entrée manquante :
Puis vérifions que la requête fonctionne maintenant :
Cette fois, la requête devrait retourner un résultat car :
Nous avons une matière avec fk = 1
Nous aurons l'article correspondant dans _text avec id = 'filieres_1'
Voulez-vous que j'exécute ces commandes ?
cette requete ne retourne rien:
select fk,id_matieres,t_.fr as lien from matieres m inner join _text_ t_ on id_matieres=t_.id where t_.username="matieres" and fk=1

Vérifions et ajoutons les données manquantes :
On a déjà vérifié que la matière existe :
Il manque l'entrée dans text. Ajoutons-la :
Vérifions que la requête fonctionne :
La requête ne retournait rien car il manquait les métadonnées de la matière dans la table _text_. Voulez-vous que j'exécute ces commandes ?
dorénavant quand je clic sur le menu "scolaire", cette error apparait dans la console du browser:
VM5686:1 Uncaught SyntaxError: Unexpected token 'L', "La classe "... is not valid JSON
    at JSON.parse (<anonymous>)
    at _1 (script.js:1281:68)
    at Object.success (script.js:1342:9)
    at i (jquery.min.js:2:27983)
    at Object.fireWith [as resolveWith] (jquery.min.js:2:28749)
    at A (jquery.min.js:4:14203)
    at XMLHttpRequest.<anonymous> (jquery.min.js:4:16491)

Cette erreur indique que le script essaie de faire un JSON.parse() sur une chaîne qui n'est pas au format JSON valide. Dans notre cas, c'est probablement lié à l'insertion que nous venons de faire dans _text.
Vérifions le format actuel :
Le texte doit être au format JSON valide. Corrigeons l'insertion :
Le format JSON doit être strictement valide avec :
Des guillemets doubles pour les clés et les valeurs
Des accolades pour l'objet
Des virgules entre les paires clé-valeur
Voulez-vous que j'exécute ces corrections ? Ou alors, pouvez-vous me montrer le contenu actuel de la table _text pour que je puisse voir exactement ce qui cause l'erreur ?
script.js:1202 Uncaught TypeError: Cannot read properties of undefined (reading 'h')
    at fonction_qui_traite_la_reponse_xhr_pour_l_article_principal (script.js:1202:29)
    at _1 (script.js:1281:3)
    at Object.success (script.js:1342:9)
    at i (jquery.min.js:2:27983)
    at Object.fireWith [as resolveWith] (jquery.min.js:2:28749)
    at A (jquery.min.js:4:14203)
    at XMLHttpRequest.<anonymous> (jquery.min.js:4:16491)

Cette erreur indique que le script essaie d'accéder à une propriété 'h' d'un objet qui est undefined. Regardons le code concerné :
La réponse de l'API devrait avoir une structure spécifique. Vérifions la requête SQL qui génère cette réponse :
Pouvez-vous me montrer :
Le contenu actuel de _text pour 'filieres_1'
La fonction JavaScript qui traite la réponse (autour de la ligne 1202 dans script.js)
Cela nous aidera à identifier exactement quelle structure est attendue.
mysql> SELECT * FROM _text WHERE id = 'filieres_1';
+------------+----------+----------------------------------------------------------------------------------------------------------------------------------------------------------------------------------+------+------+---------------------+---------------------+
| id         | username | fr                                                                                                                                                                               | en   | es   | created_at          | updated_at          |
+------------+----------+----------------------------------------------------------------------------------------------------------------------------------------------------------------------------------+------+------+---------------------+---------------------+
| filieres_1 | article  | {"description": "Description de la filière scientifique niveau débutant", "content": "La classe de débutant permet aux élèves de découvrir les bases de la programmation"}       | NULL | NULL | 2024-10-31 02:50:17 | 2024-10-31 02:50:17 |
+------------+----------+----------------------------------------------------------------------------------------------------------------------------------------------------------------------------------+------+------+---------------------+---------------------+
1 row in set (0,00 sec)




Ah, je vois ! La fonction JavaScript attend un objet avec une structure spécifique :
Mais notre JSON actuel a une structure différente. Corrigeons le contenu dans _text :
Cette mise à jour devrait correspondre à la structure attendue par la fonction JavaScript. Voulez-vous que j'exécute cette correction ?















Voulez-vous que j'exécute ces corrections ? Ou alors, pouvez-vous me montrer le contenu actuel de la table _text pour que je puisse voir exactement ce qui cause l'erreur ?
script.js:1202 Uncaught TypeError: Cannot read properties of undefined (reading 'h')
    at fonction_qui_traite_la_reponse_xhr_pour_l_article_principal (script.js:1202:29)
    at _1 (script.js:1281:3)
    at Object.success (script.js:1342:9)
    at i (jquery.min.js:2:27983)
    at Object.fireWith [as resolveWith] (jquery.min.js:2:28749)
    at A (jquery.min.js:4:14203)
    at XMLHttpRequest.<anonymous> (jquery.min.js:4:16491)

Cette erreur indique que le script essaie d'accéder à une propriété 'h' d'un objet qui est undefined. Regardons le code concerné :
La réponse de l'API devrait avoir une structure spécifique. Vérifions la requête SQL qui génère cette réponse :
Pouvez-vous me montrer :
Le contenu actuel de _text pour 'filieres_1'
La fonction JavaScript qui traite la réponse (autour de la ligne 1202 dans script.js)
Cela nous aidera à identifier exactement quelle structure est attendue.
mysql> SELECT * FROM _text WHERE id = 'filieres_1';
+------------+----------+----------------------------------------------------------------------------------------------------------------------------------------------------------------------------------+------+------+---------------------+---------------------+
| id         | username | fr                                                                                                                                                                               | en   | es   | created_at          | updated_at          |
+------------+----------+----------------------------------------------------------------------------------------------------------------------------------------------------------------------------------+------+------+---------------------+---------------------+
| filieres_1 | article  | {"description": "Description de la filière scientifique niveau débutant", "content": "La classe de débutant permet aux élèves de découvrir les bases de la programmation"}       | NULL | NULL | 2024-10-31 02:50:17 | 2024-10-31 02:50:17 |
+------------+----------+----------------------------------------------------------------------------------------------------------------------------------------------------------------------------------+------+------+---------------------+---------------------+
1 row in set (0,00 sec)




Ah, je vois ! La fonction JavaScript attend un objet avec une structure spécifique :
Mais notre JSON actuel a une structure différente. Corrigeons le contenu dans _text :
Cette mise à jour devrait correspondre à la structure attendue par la fonction JavaScript. Voulez-vous que j'exécute cette correction ?








